"LOCATION","INDICATOR","SUBJECT","MEASURE","FREQUENCY","TIME","Value","Flag Codes"
"AUS","AVWAGE","TOT","USD","A","1990",39875.3457023889,
"AUS","AVWAGE","TOT","USD","A","1991",39685.2596299508,
"AUS","AVWAGE","TOT","USD","A","1992",40481.9942762401,
"AUS","AVWAGE","TOT","USD","A","1993",40854.7038466573,
"AUS","AVWAGE","TOT","USD","A","1994",41131.5756387698,
"AUS","AVWAGE","TOT","USD","A","1995",40973.5289636498,
"AUS","AVWAGE","TOT","USD","A","1996",42187.475278892,
"AUS","AVWAGE","TOT","USD","A","1997",43450.0360242148,
"AUS","AVWAGE","TOT","USD","A","1998",44066.5199498077,
"AUS","AVWAGE","TOT","USD","A","1999",45103.5014853406,
"AUS","AVWAGE","TOT","USD","A","2000",45201.3198979376,
"AUS","AVWAGE","TOT","USD","A","2001",45693.2368983185,
"AUS","AVWAGE","TOT","USD","A","2002",46007.8194769526,
"AUS","AVWAGE","TOT","USD","A","2003",46545.9762787039,
"AUS","AVWAGE","TOT","USD","A","2004",47994.2551304069,
"AUS","AVWAGE","TOT","USD","A","2005",48614.8923837984,
"AUS","AVWAGE","TOT","USD","A","2006",48929.0689909993,
"AUS","AVWAGE","TOT","USD","A","2007",50279.2482768596,
"AUS","AVWAGE","TOT","USD","A","2008",50684.7693032932,
"AUS","AVWAGE","TOT","USD","A","2009",50225.1928494414,
"AUS","AVWAGE","TOT","USD","A","2010",51957.4061139585,
"AUS","AVWAGE","TOT","USD","A","2011",53600.6798454773,
"AUS","AVWAGE","TOT","USD","A","2012",53919.3282440152,
"AUS","AVWAGE","TOT","USD","A","2013",53672.2717426346,
"AUS","AVWAGE","TOT","USD","A","2014",54085.1342419058,
"AUS","AVWAGE","TOT","USD","A","2015",53635.8414091431,
"AUS","AVWAGE","TOT","USD","A","2016",53724.0891622131,
"AUS","AVWAGE","TOT","USD","A","2017",53437.0587542119,
"AUS","AVWAGE","TOT","USD","A","2018",53514.8272246821,
"AUS","AVWAGE","TOT","USD","A","2019",54020.7914912353,
"AUS","AVWAGE","TOT","USD","A","2020",55206.3936635827,
"AUT","AVWAGE","TOT","USD","A","1990",42551.7590367744,
"AUT","AVWAGE","TOT","USD","A","1991",43881.8669702909,
"AUT","AVWAGE","TOT","USD","A","1992",44765.9262872876,
"AUT","AVWAGE","TOT","USD","A","1993",45130.9157654398,
"AUT","AVWAGE","TOT","USD","A","1994",45585.6229416628,
"AUT","AVWAGE","TOT","USD","A","1995",45952.8670777328,
"AUT","AVWAGE","TOT","USD","A","1996",45628.6027110581,
"AUT","AVWAGE","TOT","USD","A","1997",45227.5798086875,
"AUT","AVWAGE","TOT","USD","A","1998",46686.6362023384,
"AUT","AVWAGE","TOT","USD","A","1999",47726.933898762,
"AUT","AVWAGE","TOT","USD","A","2000",47860.0986214107,
"AUT","AVWAGE","TOT","USD","A","2001",47714.711314757,
"AUT","AVWAGE","TOT","USD","A","2002",48453.1637884007,
"AUT","AVWAGE","TOT","USD","A","2003",48581.8194610465,
"AUT","AVWAGE","TOT","USD","A","2004",49484.4436736349,
"AUT","AVWAGE","TOT","USD","A","2005",49763.891701897,
"AUT","AVWAGE","TOT","USD","A","2006",50524.506564447,
"AUT","AVWAGE","TOT","USD","A","2007",50814.3254362109,
"AUT","AVWAGE","TOT","USD","A","2008",51677.7103028473,
"AUT","AVWAGE","TOT","USD","A","2009",52578.2720365933,
"AUT","AVWAGE","TOT","USD","A","2010",52334.2945796686,
"AUT","AVWAGE","TOT","USD","A","2011",51755.1160926445,
"AUT","AVWAGE","TOT","USD","A","2012",52070.6677358327,
"AUT","AVWAGE","TOT","USD","A","2013",52128.1355266082,
"AUT","AVWAGE","TOT","USD","A","2014",52309.6551884715,
"AUT","AVWAGE","TOT","USD","A","2015",52686.0439604668,
"AUT","AVWAGE","TOT","USD","A","2016",53169.9778598907,
"AUT","AVWAGE","TOT","USD","A","2017",53136.3529599885,
"AUT","AVWAGE","TOT","USD","A","2018",53325.4860218118,
"AUT","AVWAGE","TOT","USD","A","2019",53690.0313784628,
"AUT","AVWAGE","TOT","USD","A","2020",53131.8472601512,
"BEL","AVWAGE","TOT","USD","A","1990",43271.9619113889,
"BEL","AVWAGE","TOT","USD","A","1991",45174.1667647885,
"BEL","AVWAGE","TOT","USD","A","1992",46624.4713756495,
"BEL","AVWAGE","TOT","USD","A","1993",47603.7793088088,
"BEL","AVWAGE","TOT","USD","A","1994",48527.8309553806,
"BEL","AVWAGE","TOT","USD","A","1995",48363.4964937424,
"BEL","AVWAGE","TOT","USD","A","1996",48971.4639416815,
"BEL","AVWAGE","TOT","USD","A","1997",49593.7397022466,
"BEL","AVWAGE","TOT","USD","A","1998",49621.631242538,
"BEL","AVWAGE","TOT","USD","A","1999",52390.4274061264,
"BEL","AVWAGE","TOT","USD","A","2000",51921.816962016,
"BEL","AVWAGE","TOT","USD","A","2001",52081.9379392926,
"BEL","AVWAGE","TOT","USD","A","2002",53422.8940119239,
"BEL","AVWAGE","TOT","USD","A","2003",53743.6339194443,
"BEL","AVWAGE","TOT","USD","A","2004",53463.2312244709,
"BEL","AVWAGE","TOT","USD","A","2005",52969.1503587303,
"BEL","AVWAGE","TOT","USD","A","2006",53327.4499316515,
"BEL","AVWAGE","TOT","USD","A","2007",53224.860382965,
"BEL","AVWAGE","TOT","USD","A","2008",53452.9296076202,
"BEL","AVWAGE","TOT","USD","A","2009",54193.8290817752,
"BEL","AVWAGE","TOT","USD","A","2010",53969.0247192277,
"BEL","AVWAGE","TOT","USD","A","2011",54520.1406100755,
"BEL","AVWAGE","TOT","USD","A","2012",54950.8724902214,
"BEL","AVWAGE","TOT","USD","A","2013",55503.3675184005,
"BEL","AVWAGE","TOT","USD","A","2014",55808.7979316441,
"BEL","AVWAGE","TOT","USD","A","2015",55427.2863649154,
"BEL","AVWAGE","TOT","USD","A","2016",55525.9899435912,
"BEL","AVWAGE","TOT","USD","A","2017",55130.1819736769,
"BEL","AVWAGE","TOT","USD","A","2018",55387.6952980387,
"BEL","AVWAGE","TOT","USD","A","2019",56021.805353764,
"BEL","AVWAGE","TOT","USD","A","2020",54326.5981747548,
"CAN","AVWAGE","TOT","USD","A","1990",40070.4234264897,
"CAN","AVWAGE","TOT","USD","A","1991",40221.3187766711,
"CAN","AVWAGE","TOT","USD","A","1992",40808.7148909694,
"CAN","AVWAGE","TOT","USD","A","1993",40720.3758753246,
"CAN","AVWAGE","TOT","USD","A","1994",40257.223428783,
"CAN","AVWAGE","TOT","USD","A","1995",40167.1383398384,
"CAN","AVWAGE","TOT","USD","A","1996",40523.5390768903,
"CAN","AVWAGE","TOT","USD","A","1997",41764.1998253005,
"CAN","AVWAGE","TOT","USD","A","1998",42465.2090099545,
"CAN","AVWAGE","TOT","USD","A","1999",42810.3140882822,
"CAN","AVWAGE","TOT","USD","A","2000",44108.2677087065,
"CAN","AVWAGE","TOT","USD","A","2001",43927.0481011629,
"CAN","AVWAGE","TOT","USD","A","2002",43561.0773058657,
"CAN","AVWAGE","TOT","USD","A","2003",43579.8763181231,
"CAN","AVWAGE","TOT","USD","A","2004",44538.0386992806,
"CAN","AVWAGE","TOT","USD","A","2005",45824.1689450769,
"CAN","AVWAGE","TOT","USD","A","2006",47227.098079255,
"CAN","AVWAGE","TOT","USD","A","2007",48606.2354043073,
"CAN","AVWAGE","TOT","USD","A","2008",49441.7680727732,
"CAN","AVWAGE","TOT","USD","A","2009",49878.1336609729,
"CAN","AVWAGE","TOT","USD","A","2010",50024.149303565,
"CAN","AVWAGE","TOT","USD","A","2011",50512.0472233056,
"CAN","AVWAGE","TOT","USD","A","2012",51289.4093362014,
"CAN","AVWAGE","TOT","USD","A","2013",51923.8100066409,
"CAN","AVWAGE","TOT","USD","A","2014",52556.8981599616,
"CAN","AVWAGE","TOT","USD","A","2015",52967.5915201242,
"CAN","AVWAGE","TOT","USD","A","2016",52019.4558879457,
"CAN","AVWAGE","TOT","USD","A","2017",52765.0691285916,
"CAN","AVWAGE","TOT","USD","A","2018",53730.1078984874,
"CAN","AVWAGE","TOT","USD","A","2019",54119.3098746597,
"CAN","AVWAGE","TOT","USD","A","2020",55342.0428953064,
"CZE","AVWAGE","TOT","USD","A","1995",14072.7147771638,
"CZE","AVWAGE","TOT","USD","A","1996",15520.1914903333,
"CZE","AVWAGE","TOT","USD","A","1997",15763.0970340134,
"CZE","AVWAGE","TOT","USD","A","1998",15760.0232220167,
"CZE","AVWAGE","TOT","USD","A","1999",16388.8472746364,
"CZE","AVWAGE","TOT","USD","A","2000",17001.467460402,
"CZE","AVWAGE","TOT","USD","A","2001",17878.2515488835,
"CZE","AVWAGE","TOT","USD","A","2002",18960.8504177632,
"CZE","AVWAGE","TOT","USD","A","2003",20406.5427297657,
"CZE","AVWAGE","TOT","USD","A","2004",21353.3771851193,
"CZE","AVWAGE","TOT","USD","A","2005",21980.5698655897,
"CZE","AVWAGE","TOT","USD","A","2006",22861.8470075485,
"CZE","AVWAGE","TOT","USD","A","2007",23545.2859012626,
"CZE","AVWAGE","TOT","USD","A","2008",23672.7315081023,
"CZE","AVWAGE","TOT","USD","A","2009",23578.2215729613,
"CZE","AVWAGE","TOT","USD","A","2010",24309.3725221021,
"CZE","AVWAGE","TOT","USD","A","2011",24508.1196216401,
"CZE","AVWAGE","TOT","USD","A","2012",24557.7123489149,
"CZE","AVWAGE","TOT","USD","A","2013",24404.4136289563,
"CZE","AVWAGE","TOT","USD","A","2014",24920.5383274656,
"CZE","AVWAGE","TOT","USD","A","2015",25660.2261687109,
"CZE","AVWAGE","TOT","USD","A","2016",26574.9058253501,
"CZE","AVWAGE","TOT","USD","A","2017",27930.6903631665,
"CZE","AVWAGE","TOT","USD","A","2018",29420.908126491,
"CZE","AVWAGE","TOT","USD","A","2019",30354.8487119961,
"CZE","AVWAGE","TOT","USD","A","2020",29884.5888161355,
"DNK","AVWAGE","TOT","USD","A","1990",42121.6290413028,
"DNK","AVWAGE","TOT","USD","A","1991",42315.8336025697,
"DNK","AVWAGE","TOT","USD","A","1992",43776.5976944339,
"DNK","AVWAGE","TOT","USD","A","1993",44254.8835756581,
"DNK","AVWAGE","TOT","USD","A","1994",42666.0579433195,
"DNK","AVWAGE","TOT","USD","A","1995",43561.5484857321,
"DNK","AVWAGE","TOT","USD","A","1996",44359.0156031489,
"DNK","AVWAGE","TOT","USD","A","1997",45071.0233653229,
"DNK","AVWAGE","TOT","USD","A","1998",45870.5836675736,
"DNK","AVWAGE","TOT","USD","A","1999",46386.7769660791,
"DNK","AVWAGE","TOT","USD","A","2000",46360.0732481077,
"DNK","AVWAGE","TOT","USD","A","2001",46668.8445134325,
"DNK","AVWAGE","TOT","USD","A","2002",47742.3257266107,
"DNK","AVWAGE","TOT","USD","A","2003",48934.1832474341,
"DNK","AVWAGE","TOT","USD","A","2004",50030.8665366715,
"DNK","AVWAGE","TOT","USD","A","2005",50878.9370953566,
"DNK","AVWAGE","TOT","USD","A","2006",51745.2357634446,
"DNK","AVWAGE","TOT","USD","A","2007",52309.1761870157,
"DNK","AVWAGE","TOT","USD","A","2008",53017.211201936,
"DNK","AVWAGE","TOT","USD","A","2009",54302.6336273298,
"DNK","AVWAGE","TOT","USD","A","2010",54928.3171318432,
"DNK","AVWAGE","TOT","USD","A","2011",54643.7976544649,
"DNK","AVWAGE","TOT","USD","A","2012",54570.0756807942,
"DNK","AVWAGE","TOT","USD","A","2013",54924.954335293,
"DNK","AVWAGE","TOT","USD","A","2014",55975.8913486461,
"DNK","AVWAGE","TOT","USD","A","2015",56959.8436897856,
"DNK","AVWAGE","TOT","USD","A","2016",57043.3903425065,
"DNK","AVWAGE","TOT","USD","A","2017",57355.1151555023,
"DNK","AVWAGE","TOT","USD","A","2018",57794.204719732,
"DNK","AVWAGE","TOT","USD","A","2019",57967.3139494302,
"DNK","AVWAGE","TOT","USD","A","2020",58429.6521388968,
"FIN","AVWAGE","TOT","USD","A","1990",35085.3348842999,
"FIN","AVWAGE","TOT","USD","A","1991",35514.1865826891,
"FIN","AVWAGE","TOT","USD","A","1992",34989.6726217428,
"FIN","AVWAGE","TOT","USD","A","1993",33771.1614562379,
"FIN","AVWAGE","TOT","USD","A","1994",34260.481649836,
"FIN","AVWAGE","TOT","USD","A","1995",35612.0703848347,
"FIN","AVWAGE","TOT","USD","A","1996",36429.5839392504,
"FIN","AVWAGE","TOT","USD","A","1997",36465.6972375822,
"FIN","AVWAGE","TOT","USD","A","1998",37436.0651233826,
"FIN","AVWAGE","TOT","USD","A","1999",38311.2668588559,
"FIN","AVWAGE","TOT","USD","A","2000",38969.023992333,
"FIN","AVWAGE","TOT","USD","A","2001",39174.0057562552,
"FIN","AVWAGE","TOT","USD","A","2002",39384.4608592046,
"FIN","AVWAGE","TOT","USD","A","2003",40132.9575901584,
"FIN","AVWAGE","TOT","USD","A","2004",41457.5046170601,
"FIN","AVWAGE","TOT","USD","A","2005",42356.7698606704,
"FIN","AVWAGE","TOT","USD","A","2006",43246.501132967,
"FIN","AVWAGE","TOT","USD","A","2007",43831.342288816,
"FIN","AVWAGE","TOT","USD","A","2008",44204.2691129914,
"FIN","AVWAGE","TOT","USD","A","2009",44586.3665579335,
"FIN","AVWAGE","TOT","USD","A","2010",45211.0434454361,
"FIN","AVWAGE","TOT","USD","A","2011",45233.4544959247,
"FIN","AVWAGE","TOT","USD","A","2012",45280.204117747,
"FIN","AVWAGE","TOT","USD","A","2013",44836.441529201,
"FIN","AVWAGE","TOT","USD","A","2014",44837.4445180097,
"FIN","AVWAGE","TOT","USD","A","2015",45194.1776085612,
"FIN","AVWAGE","TOT","USD","A","2016",45588.3582599615,
"FIN","AVWAGE","TOT","USD","A","2017",45338.7564886381,
"FIN","AVWAGE","TOT","USD","A","2018",45770.8422682442,
"FIN","AVWAGE","TOT","USD","A","2019",46248.5762458008,
"FIN","AVWAGE","TOT","USD","A","2020",46229.570198901,
"FRA","AVWAGE","TOT","USD","A","1990",34779.553800201,
"FRA","AVWAGE","TOT","USD","A","1991",35182.9108112945,
"FRA","AVWAGE","TOT","USD","A","1992",35576.979010678,
"FRA","AVWAGE","TOT","USD","A","1993",35989.3764923616,
"FRA","AVWAGE","TOT","USD","A","1994",36137.6494858234,
"FRA","AVWAGE","TOT","USD","A","1995",36676.7956154132,
"FRA","AVWAGE","TOT","USD","A","1996",36779.1987687957,
"FRA","AVWAGE","TOT","USD","A","1997",37192.511516323,
"FRA","AVWAGE","TOT","USD","A","1998",37763.6773965466,
"FRA","AVWAGE","TOT","USD","A","1999",38596.8540006405,
"FRA","AVWAGE","TOT","USD","A","2000",38782.1155835131,
"FRA","AVWAGE","TOT","USD","A","2001",39027.4067529322,
"FRA","AVWAGE","TOT","USD","A","2002",40080.973866655,
"FRA","AVWAGE","TOT","USD","A","2003",40405.5055288181,
"FRA","AVWAGE","TOT","USD","A","2004",41068.0709646522,
"FRA","AVWAGE","TOT","USD","A","2005",41561.9605502097,
"FRA","AVWAGE","TOT","USD","A","2006",42027.7128210275,
"FRA","AVWAGE","TOT","USD","A","2007",42184.5668291047,
"FRA","AVWAGE","TOT","USD","A","2008",42102.2967323037,
"FRA","AVWAGE","TOT","USD","A","2009",43441.63850086,
"FRA","AVWAGE","TOT","USD","A","2010",44324.9511611263,
"FRA","AVWAGE","TOT","USD","A","2011",44255.6792311367,
"FRA","AVWAGE","TOT","USD","A","2012",44552.4695964852,
"FRA","AVWAGE","TOT","USD","A","2013",44926.6938878833,
"FRA","AVWAGE","TOT","USD","A","2014",45236.7715370061,
"FRA","AVWAGE","TOT","USD","A","2015",45679.6770089977,
"FRA","AVWAGE","TOT","USD","A","2016",46214.2570421327,
"FRA","AVWAGE","TOT","USD","A","2017",46852.3529811014,
"FRA","AVWAGE","TOT","USD","A","2018",46866.5200153424,
"FRA","AVWAGE","TOT","USD","A","2019",47112.3891580859,
"FRA","AVWAGE","TOT","USD","A","2020",45580.7045304337,
"DEU","AVWAGE","TOT","USD","A","1991",40190.8651370532,
"DEU","AVWAGE","TOT","USD","A","1992",42561.7646308136,
"DEU","AVWAGE","TOT","USD","A","1993",42844.2547655193,
"DEU","AVWAGE","TOT","USD","A","1994",42937.8809719562,
"DEU","AVWAGE","TOT","USD","A","1995",43852.9365835218,
"DEU","AVWAGE","TOT","USD","A","1996",44362.984969703,
"DEU","AVWAGE","TOT","USD","A","1997",44181.0579403052,
"DEU","AVWAGE","TOT","USD","A","1998",44722.7416990888,
"DEU","AVWAGE","TOT","USD","A","1999",45326.9059987319,
"DEU","AVWAGE","TOT","USD","A","2000",45583.7242601558,
"DEU","AVWAGE","TOT","USD","A","2001",45929.7420664934,
"DEU","AVWAGE","TOT","USD","A","2002",46206.9408845997,
"DEU","AVWAGE","TOT","USD","A","2003",46361.3964338503,
"DEU","AVWAGE","TOT","USD","A","2004",46363.3180368231,
"DEU","AVWAGE","TOT","USD","A","2005",46553.2012381216,
"DEU","AVWAGE","TOT","USD","A","2006",46546.4614941587,
"DEU","AVWAGE","TOT","USD","A","2007",46415.4101855891,
"DEU","AVWAGE","TOT","USD","A","2008",46632.7284690971,
"DEU","AVWAGE","TOT","USD","A","2009",46645.9630877211,
"DEU","AVWAGE","TOT","USD","A","2010",47054.1004687921,
"DEU","AVWAGE","TOT","USD","A","2011",48025.5752898189,
"DEU","AVWAGE","TOT","USD","A","2012",48682.5488749339,
"DEU","AVWAGE","TOT","USD","A","2013",49158.7072422073,
"DEU","AVWAGE","TOT","USD","A","2014",50001.0288195043,
"DEU","AVWAGE","TOT","USD","A","2015",51171.5310086437,
"DEU","AVWAGE","TOT","USD","A","2016",51901.8195564621,
"DEU","AVWAGE","TOT","USD","A","2017",52454.1460775367,
"DEU","AVWAGE","TOT","USD","A","2018",53220.549493405,
"DEU","AVWAGE","TOT","USD","A","2019",54041.3564696298,
"DEU","AVWAGE","TOT","USD","A","2020",53744.9986010753,
"GRC","AVWAGE","TOT","USD","A","1995",20853.9053614045,
"GRC","AVWAGE","TOT","USD","A","1996",21070.7797270181,
"GRC","AVWAGE","TOT","USD","A","1997",23441.6854533788,
"GRC","AVWAGE","TOT","USD","A","1998",25381.445627518,
"GRC","AVWAGE","TOT","USD","A","1999",25782.6174026155,
"GRC","AVWAGE","TOT","USD","A","2000",27247.192440852,
"GRC","AVWAGE","TOT","USD","A","2001",28163.2134523513,
"GRC","AVWAGE","TOT","USD","A","2002",30725.9237336929,
"GRC","AVWAGE","TOT","USD","A","2003",32076.8820218096,
"GRC","AVWAGE","TOT","USD","A","2004",32666.8366823915,
"GRC","AVWAGE","TOT","USD","A","2005",32556.9421362933,
"GRC","AVWAGE","TOT","USD","A","2006",32945.9042059286,
"GRC","AVWAGE","TOT","USD","A","2007",32951.8768047206,
"GRC","AVWAGE","TOT","USD","A","2008",32440.7162066568,
"GRC","AVWAGE","TOT","USD","A","2009",33973.9316641425,
"GRC","AVWAGE","TOT","USD","A","2010",32421.798286579,
"GRC","AVWAGE","TOT","USD","A","2011",30363.4283852056,
"GRC","AVWAGE","TOT","USD","A","2012",28597.4445918803,
"GRC","AVWAGE","TOT","USD","A","2013",26728.894495666,
"GRC","AVWAGE","TOT","USD","A","2014",26622.2384560015,
"GRC","AVWAGE","TOT","USD","A","2015",26885.9516720609,
"GRC","AVWAGE","TOT","USD","A","2016",26267.5963676882,
"GRC","AVWAGE","TOT","USD","A","2017",26418.3391833541,
"GRC","AVWAGE","TOT","USD","A","2018",26680.2868759527,
"GRC","AVWAGE","TOT","USD","A","2019",27010.0396057715,
"GRC","AVWAGE","TOT","USD","A","2020",27207.3239886219,
"HUN","AVWAGE","TOT","USD","A","1995",14716.6235805729,
"HUN","AVWAGE","TOT","USD","A","1996",14722.0570256971,
"HUN","AVWAGE","TOT","USD","A","1997",15085.3530086525,
"HUN","AVWAGE","TOT","USD","A","1998",15430.6354999022,
"HUN","AVWAGE","TOT","USD","A","1999",15497.1692507389,
"HUN","AVWAGE","TOT","USD","A","2000",16211.9558256321,
"HUN","AVWAGE","TOT","USD","A","2001",17442.0231180681,
"HUN","AVWAGE","TOT","USD","A","2002",18314.6683957083,
"HUN","AVWAGE","TOT","USD","A","2003",19785.9115877671,
"HUN","AVWAGE","TOT","USD","A","2004",21165.5271762645,
"HUN","AVWAGE","TOT","USD","A","2005",22095.7765743746,
"HUN","AVWAGE","TOT","USD","A","2006",22524.4993744111,
"HUN","AVWAGE","TOT","USD","A","2007",22359.8349259684,
"HUN","AVWAGE","TOT","USD","A","2008",22673.6840751635,
"HUN","AVWAGE","TOT","USD","A","2009",21380.8203533787,
"HUN","AVWAGE","TOT","USD","A","2010",21662.6952143837,
"HUN","AVWAGE","TOT","USD","A","2011",21941.2070303564,
"HUN","AVWAGE","TOT","USD","A","2012",21209.5651859382,
"HUN","AVWAGE","TOT","USD","A","2013",20987.2063523599,
"HUN","AVWAGE","TOT","USD","A","2014",20712.044616937,
"HUN","AVWAGE","TOT","USD","A","2015",20871.6903108638,
"HUN","AVWAGE","TOT","USD","A","2016",21061.8024863744,
"HUN","AVWAGE","TOT","USD","A","2017",22586.13445313,
"HUN","AVWAGE","TOT","USD","A","2018",23720.56899299,
"HUN","AVWAGE","TOT","USD","A","2019",24470.7998075188,
"HUN","AVWAGE","TOT","USD","A","2020",25408.61292954,
"IRL","AVWAGE","TOT","USD","A","1990",26664.1910379053,
"IRL","AVWAGE","TOT","USD","A","1991",27766.6323605475,
"IRL","AVWAGE","TOT","USD","A","1992",28924.1048331146,
"IRL","AVWAGE","TOT","USD","A","1993",30357.3355684508,
"IRL","AVWAGE","TOT","USD","A","1994",30551.7886430669,
"IRL","AVWAGE","TOT","USD","A","1995",31093.8573227631,
"IRL","AVWAGE","TOT","USD","A","1996",31542.7060466838,
"IRL","AVWAGE","TOT","USD","A","1997",33300.1918888205,
"IRL","AVWAGE","TOT","USD","A","1998",35255.423439484,
"IRL","AVWAGE","TOT","USD","A","1999",36050.1370830212,
"IRL","AVWAGE","TOT","USD","A","2000",36886.407876656,
"IRL","AVWAGE","TOT","USD","A","2001",38203.4365801934,
"IRL","AVWAGE","TOT","USD","A","2002",38522.0316947383,
"IRL","AVWAGE","TOT","USD","A","2003",39759.3884314574,
"IRL","AVWAGE","TOT","USD","A","2004",41092.7821313562,
"IRL","AVWAGE","TOT","USD","A","2005",42602.7196320922,
"IRL","AVWAGE","TOT","USD","A","2006",42978.751166833,
"IRL","AVWAGE","TOT","USD","A","2007",44179.198161641,
"IRL","AVWAGE","TOT","USD","A","2008",46006.7541244281,
"IRL","AVWAGE","TOT","USD","A","2009",49607.3961393321,
"IRL","AVWAGE","TOT","USD","A","2010",49665.2436776463,
"IRL","AVWAGE","TOT","USD","A","2011",49137.6406305789,
"IRL","AVWAGE","TOT","USD","A","2012",48665.031322557,
"IRL","AVWAGE","TOT","USD","A","2013",47437.3221038251,
"IRL","AVWAGE","TOT","USD","A","2014",47141.7989549465,
"IRL","AVWAGE","TOT","USD","A","2015",47133.7827292424,
"IRL","AVWAGE","TOT","USD","A","2016",47811.6851203225,
"IRL","AVWAGE","TOT","USD","A","2017",48375.9194517704,
"IRL","AVWAGE","TOT","USD","A","2018",48586.2310145431,
"IRL","AVWAGE","TOT","USD","A","2019",49509.0271779156,
"IRL","AVWAGE","TOT","USD","A","2020",49473.5528423192,
"ITA","AVWAGE","TOT","USD","A","1990",38893.4280472174,
"ITA","AVWAGE","TOT","USD","A","1991",39220.176451678,
"ITA","AVWAGE","TOT","USD","A","1992",39182.2070009401,
"ITA","AVWAGE","TOT","USD","A","1993",38578.6716734558,
"ITA","AVWAGE","TOT","USD","A","1994",38079.0988214321,
"ITA","AVWAGE","TOT","USD","A","1995",37245.4432311566,
"ITA","AVWAGE","TOT","USD","A","1996",37548.6328972198,
"ITA","AVWAGE","TOT","USD","A","1997",38619.2892099363,
"ITA","AVWAGE","TOT","USD","A","1998",38744.8195393774,
"ITA","AVWAGE","TOT","USD","A","1999",39191.1840278942,
"ITA","AVWAGE","TOT","USD","A","2000",39175.2821562418,
"ITA","AVWAGE","TOT","USD","A","2001",39448.8254069494,
"ITA","AVWAGE","TOT","USD","A","2002",39169.3539542759,
"ITA","AVWAGE","TOT","USD","A","2003",39063.4423342791,
"ITA","AVWAGE","TOT","USD","A","2004",39818.4196982932,
"ITA","AVWAGE","TOT","USD","A","2005",40350.1182421924,
"ITA","AVWAGE","TOT","USD","A","2006",40601.7151894201,
"ITA","AVWAGE","TOT","USD","A","2007",40585.2957626633,
"ITA","AVWAGE","TOT","USD","A","2008",40537.8311391993,
"ITA","AVWAGE","TOT","USD","A","2009",40845.5315456669,
"ITA","AVWAGE","TOT","USD","A","2010",41193.9435646766,
"ITA","AVWAGE","TOT","USD","A","2011",40534.4044387933,
"ITA","AVWAGE","TOT","USD","A","2012",39254.8579837149,
"ITA","AVWAGE","TOT","USD","A","2013",39377.5808340605,
"ITA","AVWAGE","TOT","USD","A","2014",39530.6734636606,
"ITA","AVWAGE","TOT","USD","A","2015",39878.4517833871,
"ITA","AVWAGE","TOT","USD","A","2016",40192.9359760561,
"ITA","AVWAGE","TOT","USD","A","2017",39933.7782410307,
"ITA","AVWAGE","TOT","USD","A","2018",39984.835445086,
"ITA","AVWAGE","TOT","USD","A","2019",40145.0764312802,
"ITA","AVWAGE","TOT","USD","A","2020",37769.0960760782,
"JPN","AVWAGE","TOT","USD","A","1990",36878.9281988494,
"JPN","AVWAGE","TOT","USD","A","1991",37368.6725632293,
"JPN","AVWAGE","TOT","USD","A","1992",37483.0802221305,
"JPN","AVWAGE","TOT","USD","A","1993",37127.6683945077,
"JPN","AVWAGE","TOT","USD","A","1994",37504.3097890282,
"JPN","AVWAGE","TOT","USD","A","1995",37934.1341107667,
"JPN","AVWAGE","TOT","USD","A","1996",38086.5946216731,
"JPN","AVWAGE","TOT","USD","A","1997",38395.3156041899,
"JPN","AVWAGE","TOT","USD","A","1998",38243.9754585059,
"JPN","AVWAGE","TOT","USD","A","1999",38153.5794870025,
"JPN","AVWAGE","TOT","USD","A","2000",38364.856589581,
"JPN","AVWAGE","TOT","USD","A","2001",37982.378425898,
"JPN","AVWAGE","TOT","USD","A","2002",37228.2165697485,
"JPN","AVWAGE","TOT","USD","A","2003",37254.9208747604,
"JPN","AVWAGE","TOT","USD","A","2004",37882.4772227691,
"JPN","AVWAGE","TOT","USD","A","2005",38879.1583322769,
"JPN","AVWAGE","TOT","USD","A","2006",38849.6501536857,
"JPN","AVWAGE","TOT","USD","A","2007",38742.5243214359,
"JPN","AVWAGE","TOT","USD","A","2008",38448.6521054355,
"JPN","AVWAGE","TOT","USD","A","2009",37950.3401302869,
"JPN","AVWAGE","TOT","USD","A","2010",38085.3227150022,
"JPN","AVWAGE","TOT","USD","A","2011",38699.6924564557,
"JPN","AVWAGE","TOT","USD","A","2012",38057.7572380073,
"JPN","AVWAGE","TOT","USD","A","2013",38103.0661949982,
"JPN","AVWAGE","TOT","USD","A","2014",37438.1589646497,
"JPN","AVWAGE","TOT","USD","A","2015",37264.6607392546,
"JPN","AVWAGE","TOT","USD","A","2016",37810.3885092352,
"JPN","AVWAGE","TOT","USD","A","2017",37972.2553240193,
"JPN","AVWAGE","TOT","USD","A","2018",38461.9696054671,
"JPN","AVWAGE","TOT","USD","A","2019",39041.1371184532,
"JPN","AVWAGE","TOT","USD","A","2020",38514.8650629664,
"KOR","AVWAGE","TOT","USD","A","1990",21829.5632097552,
"KOR","AVWAGE","TOT","USD","A","1991",22790.2946805632,
"KOR","AVWAGE","TOT","USD","A","1992",23795.8961181138,
"KOR","AVWAGE","TOT","USD","A","1993",25213.2795725599,
"KOR","AVWAGE","TOT","USD","A","1994",25730.8617580107,
"KOR","AVWAGE","TOT","USD","A","1995",28239.7235731518,
"KOR","AVWAGE","TOT","USD","A","1996",29566.2534884024,
"KOR","AVWAGE","TOT","USD","A","1997",28968.3860373345,
"KOR","AVWAGE","TOT","USD","A","1998",28676.74313756,
"KOR","AVWAGE","TOT","USD","A","1999",28968.9788671054,
"KOR","AVWAGE","TOT","USD","A","2000",29237.9919650463,
"KOR","AVWAGE","TOT","USD","A","2001",30257.8557372557,
"KOR","AVWAGE","TOT","USD","A","2002",31309.21260399,
"KOR","AVWAGE","TOT","USD","A","2003",32461.5680266026,
"KOR","AVWAGE","TOT","USD","A","2004",33198.6684850012,
"KOR","AVWAGE","TOT","USD","A","2005",34242.2960193224,
"KOR","AVWAGE","TOT","USD","A","2006",34677.7344631036,
"KOR","AVWAGE","TOT","USD","A","2007",35425.00428861,
"KOR","AVWAGE","TOT","USD","A","2008",35335.5680636551,
"KOR","AVWAGE","TOT","USD","A","2009",35567.5388374825,
"KOR","AVWAGE","TOT","USD","A","2010",36140.1735000033,
"KOR","AVWAGE","TOT","USD","A","2011",36617.4360359653,
"KOR","AVWAGE","TOT","USD","A","2012",36081.9356471152,
"KOR","AVWAGE","TOT","USD","A","2013",37006.234945075,
"KOR","AVWAGE","TOT","USD","A","2014",37104.7593271211,
"KOR","AVWAGE","TOT","USD","A","2015",38143.0356598528,
"KOR","AVWAGE","TOT","USD","A","2016",39266.0958431848,
"KOR","AVWAGE","TOT","USD","A","2017",40215.9819810045,
"KOR","AVWAGE","TOT","USD","A","2018",41624.493664802,
"KOR","AVWAGE","TOT","USD","A","2019",42296.7501308016,
"KOR","AVWAGE","TOT","USD","A","2020",41960.2703828377,
"LUX","AVWAGE","TOT","USD","A","1990",47638.0849533522,
"LUX","AVWAGE","TOT","USD","A","1991",48990.1385975245,
"LUX","AVWAGE","TOT","USD","A","1992",50291.8051828361,
"LUX","AVWAGE","TOT","USD","A","1993",51261.1524106382,
"LUX","AVWAGE","TOT","USD","A","1994",52091.6301832521,
"LUX","AVWAGE","TOT","USD","A","1995",52049.854336575,
"LUX","AVWAGE","TOT","USD","A","1996",52856.5098132893,
"LUX","AVWAGE","TOT","USD","A","1997",53679.5069194432,
"LUX","AVWAGE","TOT","USD","A","1998",54005.8578460097,
"LUX","AVWAGE","TOT","USD","A","1999",55239.8340232671,
"LUX","AVWAGE","TOT","USD","A","2000",57100.2061420319,
"LUX","AVWAGE","TOT","USD","A","2001",57692.514528292,
"LUX","AVWAGE","TOT","USD","A","2002",58874.668145495,
"LUX","AVWAGE","TOT","USD","A","2003",58614.0845569448,
"LUX","AVWAGE","TOT","USD","A","2004",59436.6300969912,
"LUX","AVWAGE","TOT","USD","A","2005",59505.0926032255,
"LUX","AVWAGE","TOT","USD","A","2006",60312.1130879641,
"LUX","AVWAGE","TOT","USD","A","2007",61899.599170367,
"LUX","AVWAGE","TOT","USD","A","2008",61626.4121219145,
"LUX","AVWAGE","TOT","USD","A","2009",63344.6645188323,
"LUX","AVWAGE","TOT","USD","A","2010",63916.5579495403,
"LUX","AVWAGE","TOT","USD","A","2011",62955.1802968511,
"LUX","AVWAGE","TOT","USD","A","2012",62450.6523609851,
"LUX","AVWAGE","TOT","USD","A","2013",63058.362909457,
"LUX","AVWAGE","TOT","USD","A","2014",65379.0812699051,
"LUX","AVWAGE","TOT","USD","A","2015",66247.4582756739,
"LUX","AVWAGE","TOT","USD","A","2016",66392.7655867676,
"LUX","AVWAGE","TOT","USD","A","2017",67392.8625925938,
"LUX","AVWAGE","TOT","USD","A","2018",67447.7599313664,
"LUX","AVWAGE","TOT","USD","A","2019",66839.504420292,
"LUX","AVWAGE","TOT","USD","A","2020",65854.0113373947,
"MEX","AVWAGE","TOT","USD","A","1990",14454.6887177481,
"MEX","AVWAGE","TOT","USD","A","1991",15218.7480611386,
"MEX","AVWAGE","TOT","USD","A","1992",16046.9088805274,
"MEX","AVWAGE","TOT","USD","A","1993",16698.0768767966,
"MEX","AVWAGE","TOT","USD","A","1994",17121.9021908096,
"MEX","AVWAGE","TOT","USD","A","1995",14100.4630290878,
"MEX","AVWAGE","TOT","USD","A","1996",13284.6010596265,
"MEX","AVWAGE","TOT","USD","A","1997",13940.6106115662,
"MEX","AVWAGE","TOT","USD","A","1998",14710.5159274969,
"MEX","AVWAGE","TOT","USD","A","1999",15310.5615359001,
"MEX","AVWAGE","TOT","USD","A","2000",16110.6866892687,
"MEX","AVWAGE","TOT","USD","A","2001",17046.4785207923,
"MEX","AVWAGE","TOT","USD","A","2002",16977.9491809188,
"MEX","AVWAGE","TOT","USD","A","2003",17277.1034229135,
"MEX","AVWAGE","TOT","USD","A","2004",17362.9991925189,
"MEX","AVWAGE","TOT","USD","A","2005",17484.3700695604,
"MEX","AVWAGE","TOT","USD","A","2006",17456.8945189237,
"MEX","AVWAGE","TOT","USD","A","2007",17523.0926176875,
"MEX","AVWAGE","TOT","USD","A","2008",17371.2403339263,
"MEX","AVWAGE","TOT","USD","A","2009",17513.0591679796,
"MEX","AVWAGE","TOT","USD","A","2010",16407.2574266034,
"MEX","AVWAGE","TOT","USD","A","2011",16554.7026903653,
"MEX","AVWAGE","TOT","USD","A","2012",16258.1216429791,
"MEX","AVWAGE","TOT","USD","A","2013",16271.364790351,
"MEX","AVWAGE","TOT","USD","A","2014",16302.0111368586,
"MEX","AVWAGE","TOT","USD","A","2015",16516.1520728679,
"MEX","AVWAGE","TOT","USD","A","2016",16322.4421961596,
"MEX","AVWAGE","TOT","USD","A","2017",16277.2517649564,
"MEX","AVWAGE","TOT","USD","A","2018",16637.0923837669,
"MEX","AVWAGE","TOT","USD","A","2019",16771.2855837208,
"MEX","AVWAGE","TOT","USD","A","2020",16229.9243523757,
"NLD","AVWAGE","TOT","USD","A","1990",50948.0526068636,
"NLD","AVWAGE","TOT","USD","A","1991",51331.3628850956,
"NLD","AVWAGE","TOT","USD","A","1992",51595.1635731809,
"NLD","AVWAGE","TOT","USD","A","1993",52478.0047292831,
"NLD","AVWAGE","TOT","USD","A","1994",52854.2622898816,
"NLD","AVWAGE","TOT","USD","A","1995",51819.604672067,
"NLD","AVWAGE","TOT","USD","A","1996",51642.6509566356,
"NLD","AVWAGE","TOT","USD","A","1997",51813.0614399377,
"NLD","AVWAGE","TOT","USD","A","1998",50161.3284532778,
"NLD","AVWAGE","TOT","USD","A","1999",51097.0657342877,
"NLD","AVWAGE","TOT","USD","A","2000",52370.9716205327,
"NLD","AVWAGE","TOT","USD","A","2001",53147.0608432683,
"NLD","AVWAGE","TOT","USD","A","2002",53327.022171792,
"NLD","AVWAGE","TOT","USD","A","2003",53704.8939175605,
"NLD","AVWAGE","TOT","USD","A","2004",54564.008995857,
"NLD","AVWAGE","TOT","USD","A","2005",54565.0725478266,
"NLD","AVWAGE","TOT","USD","A","2006",54457.1218788386,
"NLD","AVWAGE","TOT","USD","A","2007",55235.2514398843,
"NLD","AVWAGE","TOT","USD","A","2008",55569.5026926211,
"NLD","AVWAGE","TOT","USD","A","2009",57943.8811751976,
"NLD","AVWAGE","TOT","USD","A","2010",57959.4520914233,
"NLD","AVWAGE","TOT","USD","A","2011",57601.3887209118,
"NLD","AVWAGE","TOT","USD","A","2012",57834.8362382269,
"NLD","AVWAGE","TOT","USD","A","2013",58035.1675814156,
"NLD","AVWAGE","TOT","USD","A","2014",57728.6864839393,
"NLD","AVWAGE","TOT","USD","A","2015",58402.5413039778,
"NLD","AVWAGE","TOT","USD","A","2016",58603.7305266581,
"NLD","AVWAGE","TOT","USD","A","2017",58171.0255356831,
"NLD","AVWAGE","TOT","USD","A","2018",57581.3765270484,
"NLD","AVWAGE","TOT","USD","A","2019",57474.5458086939,
"NLD","AVWAGE","TOT","USD","A","2020",58827.5035366225,
"NOR","AVWAGE","TOT","USD","A","1990",31942.0085200497,
"NOR","AVWAGE","TOT","USD","A","1991",32295.582439097,
"NOR","AVWAGE","TOT","USD","A","1992",32708.3086325373,
"NOR","AVWAGE","TOT","USD","A","1993",33020.3231683716,
"NOR","AVWAGE","TOT","USD","A","1994",33693.4446408698,
"NOR","AVWAGE","TOT","USD","A","1995",34008.1116773249,
"NOR","AVWAGE","TOT","USD","A","1996",35022.9778063945,
"NOR","AVWAGE","TOT","USD","A","1997",35800.6607228073,
"NOR","AVWAGE","TOT","USD","A","1998",37113.1920828553,
"NOR","AVWAGE","TOT","USD","A","1999",38305.8466480395,
"NOR","AVWAGE","TOT","USD","A","2000",38647.3115405666,
"NOR","AVWAGE","TOT","USD","A","2001",39589.4962708671,
"NOR","AVWAGE","TOT","USD","A","2002",41235.5600866555,
"NOR","AVWAGE","TOT","USD","A","2003",41789.0034194485,
"NOR","AVWAGE","TOT","USD","A","2004",43170.2950001049,
"NOR","AVWAGE","TOT","USD","A","2005",44438.1478169816,
"NOR","AVWAGE","TOT","USD","A","2006",46254.7534029092,
"NOR","AVWAGE","TOT","USD","A","2007",48334.8041381789,
"NOR","AVWAGE","TOT","USD","A","2008",49404.325369661,
"NOR","AVWAGE","TOT","USD","A","2009",49918.71748337,
"NOR","AVWAGE","TOT","USD","A","2010",50585.6498312246,
"NOR","AVWAGE","TOT","USD","A","2011",52346.751164501,
"NOR","AVWAGE","TOT","USD","A","2012",53776.6554149845,
"NOR","AVWAGE","TOT","USD","A","2013",54852.5811702615,
"NOR","AVWAGE","TOT","USD","A","2014",55120.5236007334,
"NOR","AVWAGE","TOT","USD","A","2015",55403.9267886579,
"NOR","AVWAGE","TOT","USD","A","2016",54224.1509763159,
"NOR","AVWAGE","TOT","USD","A","2017",54117.1054195178,
"NOR","AVWAGE","TOT","USD","A","2018",54690.6441797876,
"NOR","AVWAGE","TOT","USD","A","2019",55752.92248311,
"NOR","AVWAGE","TOT","USD","A","2020",55779.8295229485,
"POL","AVWAGE","TOT","USD","A","1995",16556.4974837401,
"POL","AVWAGE","TOT","USD","A","1996",17865.8579008802,
"POL","AVWAGE","TOT","USD","A","1997",18793.7393784113,
"POL","AVWAGE","TOT","USD","A","1998",19353.860686407,
"POL","AVWAGE","TOT","USD","A","1999",21031.6505693126,
"POL","AVWAGE","TOT","USD","A","2000",21130.9063477895,
"POL","AVWAGE","TOT","USD","A","2001",22338.1563025665,
"POL","AVWAGE","TOT","USD","A","2002",22272.0594165356,
"POL","AVWAGE","TOT","USD","A","2003",22539.4934300052,
"POL","AVWAGE","TOT","USD","A","2004",22041.9676898839,
"POL","AVWAGE","TOT","USD","A","2005",21996.4845110157,
"POL","AVWAGE","TOT","USD","A","2006",22139.2430554731,
"POL","AVWAGE","TOT","USD","A","2007",22849.7029460017,
"POL","AVWAGE","TOT","USD","A","2008",24069.8666402046,
"POL","AVWAGE","TOT","USD","A","2009",24006.8531436516,
"POL","AVWAGE","TOT","USD","A","2010",24687.9147398017,
"POL","AVWAGE","TOT","USD","A","2011",24657.947290003,
"POL","AVWAGE","TOT","USD","A","2012",24406.4036465033,
"POL","AVWAGE","TOT","USD","A","2013",24671.2251179612,
"POL","AVWAGE","TOT","USD","A","2014",25197.7378991008,
"POL","AVWAGE","TOT","USD","A","2015",25854.4755586001,
"POL","AVWAGE","TOT","USD","A","2016",27144.6525145949,
"POL","AVWAGE","TOT","USD","A","2017",28294.2608185384,
"POL","AVWAGE","TOT","USD","A","2018",30212.1776262265,
"POL","AVWAGE","TOT","USD","A","2019",31958.8646972613,
"POL","AVWAGE","TOT","USD","A","2020",32527.0516416767,
"PRT","AVWAGE","TOT","USD","A","1995",24992.4127731046,
"PRT","AVWAGE","TOT","USD","A","1996",25916.3002360654,
"PRT","AVWAGE","TOT","USD","A","1997",26594.2885082187,
"PRT","AVWAGE","TOT","USD","A","1998",26931.0994554187,
"PRT","AVWAGE","TOT","USD","A","1999",27847.7894728328,
"PRT","AVWAGE","TOT","USD","A","2000",28228.6354606001,
"PRT","AVWAGE","TOT","USD","A","2001",28343.134433643,
"PRT","AVWAGE","TOT","USD","A","2002",28329.141427626,
"PRT","AVWAGE","TOT","USD","A","2003",28264.6074821099,
"PRT","AVWAGE","TOT","USD","A","2004",28310.6407345386,
"PRT","AVWAGE","TOT","USD","A","2005",28148.1283058489,
"PRT","AVWAGE","TOT","USD","A","2006",27536.4308439154,
"PRT","AVWAGE","TOT","USD","A","2007",27719.6847578631,
"PRT","AVWAGE","TOT","USD","A","2008",27630.7290963327,
"PRT","AVWAGE","TOT","USD","A","2009",28912.9663135127,
"PRT","AVWAGE","TOT","USD","A","2010",28791.8067311264,
"PRT","AVWAGE","TOT","USD","A","2011",28095.9684388303,
"PRT","AVWAGE","TOT","USD","A","2012",26889.5257691353,
"PRT","AVWAGE","TOT","USD","A","2013",27405.6799140251,
"PRT","AVWAGE","TOT","USD","A","2014",26934.7435585112,
"PRT","AVWAGE","TOT","USD","A","2015",26854.7824639493,
"PRT","AVWAGE","TOT","USD","A","2016",26699.0750431604,
"PRT","AVWAGE","TOT","USD","A","2017",26819.6956570045,
"PRT","AVWAGE","TOT","USD","A","2018",27263.3186320833,
"PRT","AVWAGE","TOT","USD","A","2019",27977.8727594158,
"PRT","AVWAGE","TOT","USD","A","2020",28410.0381459127,
"SVK","AVWAGE","TOT","USD","A","1994",10286.0774157927,
"SVK","AVWAGE","TOT","USD","A","1995",11077.0499677282,
"SVK","AVWAGE","TOT","USD","A","1996",11977.0604787853,
"SVK","AVWAGE","TOT","USD","A","1997",13601.0708712827,
"SVK","AVWAGE","TOT","USD","A","1998",14136.7405479847,
"SVK","AVWAGE","TOT","USD","A","1999",13841.9433167126,
"SVK","AVWAGE","TOT","USD","A","2000",14368.4449128181,
"SVK","AVWAGE","TOT","USD","A","2001",14368.4436226573,
"SVK","AVWAGE","TOT","USD","A","2002",15109.9629738844,
"SVK","AVWAGE","TOT","USD","A","2003",15407.0544070801,
"SVK","AVWAGE","TOT","USD","A","2004",15626.3041281839,
"SVK","AVWAGE","TOT","USD","A","2005",16588.6551834978,
"SVK","AVWAGE","TOT","USD","A","2006",17160.7012382722,
"SVK","AVWAGE","TOT","USD","A","2007",18212.6352297401,
"SVK","AVWAGE","TOT","USD","A","2008",18398.4523388091,
"SVK","AVWAGE","TOT","USD","A","2009",19028.1902557617,
"SVK","AVWAGE","TOT","USD","A","2010",19857.6626283858,
"SVK","AVWAGE","TOT","USD","A","2011",19688.5859056811,
"SVK","AVWAGE","TOT","USD","A","2012",19436.8973748489,
"SVK","AVWAGE","TOT","USD","A","2013",19589.6626505586,
"SVK","AVWAGE","TOT","USD","A","2014",19980.1835432243,
"SVK","AVWAGE","TOT","USD","A","2015",20770.9306869627,
"SVK","AVWAGE","TOT","USD","A","2016",21429.7972808673,
"SVK","AVWAGE","TOT","USD","A","2017",22071.9063755831,
"SVK","AVWAGE","TOT","USD","A","2018",22692.3963800056,
"SVK","AVWAGE","TOT","USD","A","2019",23437.8341806932,
"SVK","AVWAGE","TOT","USD","A","2020",23618.9987388768,
"ESP","AVWAGE","TOT","USD","A","1990",35714.9885639942,
"ESP","AVWAGE","TOT","USD","A","1991",36857.2126280692,
"ESP","AVWAGE","TOT","USD","A","1992",38219.1466425834,
"ESP","AVWAGE","TOT","USD","A","1993",38827.6303535086,
"ESP","AVWAGE","TOT","USD","A","1994",39235.3541793084,
"ESP","AVWAGE","TOT","USD","A","1995",38456.0652072193,
"ESP","AVWAGE","TOT","USD","A","1996",38976.5421959654,
"ESP","AVWAGE","TOT","USD","A","1997",39017.0170924806,
"ESP","AVWAGE","TOT","USD","A","1998",39225.5332917929,
"ESP","AVWAGE","TOT","USD","A","1999",39206.2238299561,
"ESP","AVWAGE","TOT","USD","A","2000",38349.3178003556,
"ESP","AVWAGE","TOT","USD","A","2001",38149.0804357446,
"ESP","AVWAGE","TOT","USD","A","2002",38339.7910496485,
"ESP","AVWAGE","TOT","USD","A","2003",38146.7822547178,
"ESP","AVWAGE","TOT","USD","A","2004",37660.4683534974,
"ESP","AVWAGE","TOT","USD","A","2005",37825.0180076595,
"ESP","AVWAGE","TOT","USD","A","2006",37646.3859191017,
"ESP","AVWAGE","TOT","USD","A","2007",38053.4313380871,
"ESP","AVWAGE","TOT","USD","A","2008",39398.4459845668,
"ESP","AVWAGE","TOT","USD","A","2009",41882.8217124587,
"ESP","AVWAGE","TOT","USD","A","2010",41485.9217785613,
"ESP","AVWAGE","TOT","USD","A","2011",40743.4977284177,
"ESP","AVWAGE","TOT","USD","A","2012",39605.7231631446,
"ESP","AVWAGE","TOT","USD","A","2013",39607.5491422686,
"ESP","AVWAGE","TOT","USD","A","2014",39484.1401956281,
"ESP","AVWAGE","TOT","USD","A","2015",40072.2009864528,
"ESP","AVWAGE","TOT","USD","A","2016",39844.8654865722,
"ESP","AVWAGE","TOT","USD","A","2017",39325.9436907519,
"ESP","AVWAGE","TOT","USD","A","2018",39032.6393520738,
"ESP","AVWAGE","TOT","USD","A","2019",39054.6761544944,
"ESP","AVWAGE","TOT","USD","A","2020",37922.2024818766,
"SWE","AVWAGE","TOT","USD","A","1990",28839.1880082533,
"SWE","AVWAGE","TOT","USD","A","1991",27466.0093753859,
"SWE","AVWAGE","TOT","USD","A","1992",28326.6692620211,
"SWE","AVWAGE","TOT","USD","A","1993",27955.5176121195,
"SWE","AVWAGE","TOT","USD","A","1994",28635.7405132597,
"SWE","AVWAGE","TOT","USD","A","1995",28696.1256416967,
"SWE","AVWAGE","TOT","USD","A","1996",30409.9751730569,
"SWE","AVWAGE","TOT","USD","A","1997",31605.1888243566,
"SWE","AVWAGE","TOT","USD","A","1998",32653.3016999684,
"SWE","AVWAGE","TOT","USD","A","1999",33329.4125656562,
"SWE","AVWAGE","TOT","USD","A","2000",34388.9484187077,
"SWE","AVWAGE","TOT","USD","A","2001",34796.8879758431,
"SWE","AVWAGE","TOT","USD","A","2002",35251.8533426745,
"SWE","AVWAGE","TOT","USD","A","2003",35555.7494602559,
"SWE","AVWAGE","TOT","USD","A","2004",36723.844979794,
"SWE","AVWAGE","TOT","USD","A","2005",37649.7667406336,
"SWE","AVWAGE","TOT","USD","A","2006",38701.2384294153,
"SWE","AVWAGE","TOT","USD","A","2007",40054.091743044,
"SWE","AVWAGE","TOT","USD","A","2008",40860.7815199667,
"SWE","AVWAGE","TOT","USD","A","2009",41016.9656550011,
"SWE","AVWAGE","TOT","USD","A","2010",41533.8891289532,
"SWE","AVWAGE","TOT","USD","A","2011",42160.8183463129,
"SWE","AVWAGE","TOT","USD","A","2012",43079.8807886723,
"SWE","AVWAGE","TOT","USD","A","2013",43552.2269056241,
"SWE","AVWAGE","TOT","USD","A","2014",44066.0424889516,
"SWE","AVWAGE","TOT","USD","A","2015",44719.090412452,
"SWE","AVWAGE","TOT","USD","A","2016",45423.0343565982,
"SWE","AVWAGE","TOT","USD","A","2017",45680.5134360005,
"SWE","AVWAGE","TOT","USD","A","2018",45916.5839424171,
"SWE","AVWAGE","TOT","USD","A","2019",46417.9753348127,
"SWE","AVWAGE","TOT","USD","A","2020",47020.4898878129,
"CHE","AVWAGE","TOT","USD","A","1990",51286.5656342596,
"CHE","AVWAGE","TOT","USD","A","1991",52252.1083464598,
"CHE","AVWAGE","TOT","USD","A","1992",52724.1076032187,
"CHE","AVWAGE","TOT","USD","A","1993",53260.3533502825,
"CHE","AVWAGE","TOT","USD","A","1994",53951.71615544,
"CHE","AVWAGE","TOT","USD","A","1995",54384.782863209,
"CHE","AVWAGE","TOT","USD","A","1996",53580.6349654109,
"CHE","AVWAGE","TOT","USD","A","1997",54499.7575096301,
"CHE","AVWAGE","TOT","USD","A","1998",54714.4711634995,
"CHE","AVWAGE","TOT","USD","A","1999",55710.4514009569,
"CHE","AVWAGE","TOT","USD","A","2000",56529.4241834759,
"CHE","AVWAGE","TOT","USD","A","2001",59753.516054491,
"CHE","AVWAGE","TOT","USD","A","2002",60937.782235883,
"CHE","AVWAGE","TOT","USD","A","2003",60596.1085355411,
"CHE","AVWAGE","TOT","USD","A","2004",60147.4870583727,
"CHE","AVWAGE","TOT","USD","A","2005",61063.1580079413,
"CHE","AVWAGE","TOT","USD","A","2006",61254.4738602834,
"CHE","AVWAGE","TOT","USD","A","2007",61997.8518858781,
"CHE","AVWAGE","TOT","USD","A","2008",62316.0692047851,
"CHE","AVWAGE","TOT","USD","A","2009",63567.3218880915,
"CHE","AVWAGE","TOT","USD","A","2010",63277.4831447481,
"CHE","AVWAGE","TOT","USD","A","2011",63533.2433176316,
"CHE","AVWAGE","TOT","USD","A","2012",64582.352888541,
"CHE","AVWAGE","TOT","USD","A","2013",65431.0694188698,
"CHE","AVWAGE","TOT","USD","A","2014",65547.8341156918,
"CHE","AVWAGE","TOT","USD","A","2015",65909.5771392198,
"CHE","AVWAGE","TOT","USD","A","2016",65453.3642124618,
"CHE","AVWAGE","TOT","USD","A","2017",65150.6586711521,
"CHE","AVWAGE","TOT","USD","A","2018",64963.4039752928,
"CHE","AVWAGE","TOT","USD","A","2019",65905.7225341112,
"CHE","AVWAGE","TOT","USD","A","2020",64824.3810949184,
"GBR","AVWAGE","TOT","USD","A","1990",32675.3064228326,
"GBR","AVWAGE","TOT","USD","A","1991",32655.4427543598,
"GBR","AVWAGE","TOT","USD","A","1992",33306.0432126482,
"GBR","AVWAGE","TOT","USD","A","1993",33861.2255826436,
"GBR","AVWAGE","TOT","USD","A","1994",34466.7674894617,
"GBR","AVWAGE","TOT","USD","A","1995",34493.49204621,
"GBR","AVWAGE","TOT","USD","A","1996",34478.1705878335,
"GBR","AVWAGE","TOT","USD","A","1997",35830.1647083533,
"GBR","AVWAGE","TOT","USD","A","1998",36453.8173807945,
"GBR","AVWAGE","TOT","USD","A","1999",38445.6171282191,
"GBR","AVWAGE","TOT","USD","A","2000",40206.6024960548,
"GBR","AVWAGE","TOT","USD","A","2001",41898.2782726161,
"GBR","AVWAGE","TOT","USD","A","2002",42571.4758568034,
"GBR","AVWAGE","TOT","USD","A","2003",43830.509995676,
"GBR","AVWAGE","TOT","USD","A","2004",45195.1809081212,
"GBR","AVWAGE","TOT","USD","A","2005",45368.5410774796,
"GBR","AVWAGE","TOT","USD","A","2006",46546.2850599137,
"GBR","AVWAGE","TOT","USD","A","2007",47824.786055827,
"GBR","AVWAGE","TOT","USD","A","2008",46686.9062248829,
"GBR","AVWAGE","TOT","USD","A","2009",46884.351280431,
"GBR","AVWAGE","TOT","USD","A","2010",46863.4384482268,
"GBR","AVWAGE","TOT","USD","A","2011",46035.8518125816,
"GBR","AVWAGE","TOT","USD","A","2012",45454.71128928,
"GBR","AVWAGE","TOT","USD","A","2013",46052.6231779979,
"GBR","AVWAGE","TOT","USD","A","2014",46155.8151440147,
"GBR","AVWAGE","TOT","USD","A","2015",46646.9164350875,
"GBR","AVWAGE","TOT","USD","A","2016",47180.7786047186,
"GBR","AVWAGE","TOT","USD","A","2017",47145.5619187673,
"GBR","AVWAGE","TOT","USD","A","2018",47229.2283063641,
"GBR","AVWAGE","TOT","USD","A","2019",47936.6285671556,
"GBR","AVWAGE","TOT","USD","A","2020",47147.2016194233,
"USA","AVWAGE","TOT","USD","A","1990",46974.593827949,
"USA","AVWAGE","TOT","USD","A","1991",47293.4127192582,
"USA","AVWAGE","TOT","USD","A","1992",48389.432518019,
"USA","AVWAGE","TOT","USD","A","1993",48111.5691040974,
"USA","AVWAGE","TOT","USD","A","1994",47926.5702979932,
"USA","AVWAGE","TOT","USD","A","1995",48205.5663224452,
"USA","AVWAGE","TOT","USD","A","1996",48904.4253957518,
"USA","AVWAGE","TOT","USD","A","1997",50119.1140747133,
"USA","AVWAGE","TOT","USD","A","1998",52182.1733087712,
"USA","AVWAGE","TOT","USD","A","1999",53548.6332092189,
"USA","AVWAGE","TOT","USD","A","2000",55365.7025952572,
"USA","AVWAGE","TOT","USD","A","2001",55834.5992657734,
"USA","AVWAGE","TOT","USD","A","2002",56274.6593658597,
"USA","AVWAGE","TOT","USD","A","2003",56965.5637217267,
"USA","AVWAGE","TOT","USD","A","2004",58023.4299368342,
"USA","AVWAGE","TOT","USD","A","2005",58092.3516733398,
"USA","AVWAGE","TOT","USD","A","2006",59013.8598788514,
"USA","AVWAGE","TOT","USD","A","2007",60187.9847451486,
"USA","AVWAGE","TOT","USD","A","2008",59986.2658883191,
"USA","AVWAGE","TOT","USD","A","2009",60471.1085097494,
"USA","AVWAGE","TOT","USD","A","2010",61047.8742268296,
"USA","AVWAGE","TOT","USD","A","2011",61131.6800040717,
"USA","AVWAGE","TOT","USD","A","2012",61634.2010319128,
"USA","AVWAGE","TOT","USD","A","2013",61346.9094055764,
"USA","AVWAGE","TOT","USD","A","2014",62263.4103581447,
"USA","AVWAGE","TOT","USD","A","2015",63844.5557683489,
"USA","AVWAGE","TOT","USD","A","2016",63941.8570447087,
"USA","AVWAGE","TOT","USD","A","2017",64618.4522648294,
"USA","AVWAGE","TOT","USD","A","2018",65302.9401423,
"USA","AVWAGE","TOT","USD","A","2019",66382.5055522274,
"USA","AVWAGE","TOT","USD","A","2020",69391.8064217965,
"EST","AVWAGE","TOT","USD","A","1995",9110.73868522035,
"EST","AVWAGE","TOT","USD","A","1996",9686.69554202447,
"EST","AVWAGE","TOT","USD","A","1997",10582.370294292,
"EST","AVWAGE","TOT","USD","A","1998",11283.9748867495,
"EST","AVWAGE","TOT","USD","A","1999",11804.9428126985,
"EST","AVWAGE","TOT","USD","A","2000",12744.0335388387,
"EST","AVWAGE","TOT","USD","A","2001",13189.9841415705,
"EST","AVWAGE","TOT","USD","A","2002",13978.2523319379,
"EST","AVWAGE","TOT","USD","A","2003",15332.6647745981,
"EST","AVWAGE","TOT","USD","A","2004",16554.4516967913,
"EST","AVWAGE","TOT","USD","A","2005",17660.7768566833,
"EST","AVWAGE","TOT","USD","A","2006",19269.6519341551,
"EST","AVWAGE","TOT","USD","A","2007",22405.1384365077,
"EST","AVWAGE","TOT","USD","A","2008",22692.8543790954,
"EST","AVWAGE","TOT","USD","A","2009",22216.1392807988,
"EST","AVWAGE","TOT","USD","A","2010",21990.5401912126,
"EST","AVWAGE","TOT","USD","A","2011",21483.0297721717,
"EST","AVWAGE","TOT","USD","A","2012",21807.7087871146,
"EST","AVWAGE","TOT","USD","A","2013",22326.7107882809,
"EST","AVWAGE","TOT","USD","A","2014",23528.107980173,
"EST","AVWAGE","TOT","USD","A","2015",24633.060399567,
"EST","AVWAGE","TOT","USD","A","2016",24932.2835687872,
"EST","AVWAGE","TOT","USD","A","2017",26417.3581993049,
"EST","AVWAGE","TOT","USD","A","2018",27919.8352648357,
"EST","AVWAGE","TOT","USD","A","2019",29948.4043811778,
"EST","AVWAGE","TOT","USD","A","2020",30720.2630723187,
"ISR","AVWAGE","TOT","USD","A","1995",29598.3519490755,
"ISR","AVWAGE","TOT","USD","A","1996",32153.6498871359,
"ISR","AVWAGE","TOT","USD","A","1997",33082.7868623949,
"ISR","AVWAGE","TOT","USD","A","1998",34404.3440126635,
"ISR","AVWAGE","TOT","USD","A","1999",34973.8595209323,
"ISR","AVWAGE","TOT","USD","A","2000",36276.2031406002,
"ISR","AVWAGE","TOT","USD","A","2001",36894.4161928477,
"ISR","AVWAGE","TOT","USD","A","2002",35482.8621693295,
"ISR","AVWAGE","TOT","USD","A","2003",34274.6151715204,
"ISR","AVWAGE","TOT","USD","A","2004",33722.4417464503,
"ISR","AVWAGE","TOT","USD","A","2005",33774.2303634152,
"ISR","AVWAGE","TOT","USD","A","2006",34734.2701093157,
"ISR","AVWAGE","TOT","USD","A","2007",35384.0373621652,
"ISR","AVWAGE","TOT","USD","A","2008",34490.6946374104,
"ISR","AVWAGE","TOT","USD","A","2009",33716.6288503397,
"ISR","AVWAGE","TOT","USD","A","2010",33454.8881677654,
"ISR","AVWAGE","TOT","USD","A","2011",33753.9496079948,
"ISR","AVWAGE","TOT","USD","A","2012",34300.2995372214,
"ISR","AVWAGE","TOT","USD","A","2013",34555.7071678365,
"ISR","AVWAGE","TOT","USD","A","2014",34635.8533629395,
"ISR","AVWAGE","TOT","USD","A","2015",35626.5366185137,
"ISR","AVWAGE","TOT","USD","A","2016",36920.6882031229,
"ISR","AVWAGE","TOT","USD","A","2017",37902.659531917,
"ISR","AVWAGE","TOT","USD","A","2018",38810.8301118814,
"ISR","AVWAGE","TOT","USD","A","2019",39537.252010571,
"ISR","AVWAGE","TOT","USD","A","2020",39321.7103925356,
"SVN","AVWAGE","TOT","USD","A","1995",24486.0516940375,
"SVN","AVWAGE","TOT","USD","A","1996",25702.2459949285,
"SVN","AVWAGE","TOT","USD","A","1997",27074.6137730861,
"SVN","AVWAGE","TOT","USD","A","1998",27412.029375634,
"SVN","AVWAGE","TOT","USD","A","1999",27927.0766999873,
"SVN","AVWAGE","TOT","USD","A","2000",28640.0053914608,
"SVN","AVWAGE","TOT","USD","A","2001",29807.7236776844,
"SVN","AVWAGE","TOT","USD","A","2002",29892.6715686062,
"SVN","AVWAGE","TOT","USD","A","2003",30516.9268311091,
"SVN","AVWAGE","TOT","USD","A","2004",32012.9688846243,
"SVN","AVWAGE","TOT","USD","A","2005",33232.9225539187,
"SVN","AVWAGE","TOT","USD","A","2006",34323.215087887,
"SVN","AVWAGE","TOT","USD","A","2007",35081.1216460331,
"SVN","AVWAGE","TOT","USD","A","2008",35608.5179281152,
"SVN","AVWAGE","TOT","USD","A","2009",35926.5793703328,
"SVN","AVWAGE","TOT","USD","A","2010",36976.1109988297,
"SVN","AVWAGE","TOT","USD","A","2011",36856.7846021919,
"SVN","AVWAGE","TOT","USD","A","2012",35730.420177285,
"SVN","AVWAGE","TOT","USD","A","2013",35193.4141089646,
"SVN","AVWAGE","TOT","USD","A","2014",35879.2655017795,
"SVN","AVWAGE","TOT","USD","A","2015",36635.9479194711,
"SVN","AVWAGE","TOT","USD","A","2016",38048.9341606502,
"SVN","AVWAGE","TOT","USD","A","2017",38705.8105759538,
"SVN","AVWAGE","TOT","USD","A","2018",39376.8734926802,
"SVN","AVWAGE","TOT","USD","A","2019",40532.8461694317,
"SVN","AVWAGE","TOT","USD","A","2020",41445.1742823172,
"OECD","AVWAGE","TOT","USD","A","1990",36941.1186799462,
"OECD","AVWAGE","TOT","USD","A","1991",37185.6296156333,
"OECD","AVWAGE","TOT","USD","A","1992",37951.6563117319,
"OECD","AVWAGE","TOT","USD","A","1993",38005.7390725671,
"OECD","AVWAGE","TOT","USD","A","1994",38135.4674417301,
"OECD","AVWAGE","TOT","USD","A","1995",38270.3264589113,
"OECD","AVWAGE","TOT","USD","A","1996",38682.3197940384,
"OECD","AVWAGE","TOT","USD","A","1997",39391.9470155998,
"OECD","AVWAGE","TOT","USD","A","1998",40321.3318311809,
"OECD","AVWAGE","TOT","USD","A","1999",41280.6066966536,
"OECD","AVWAGE","TOT","USD","A","2000",42160.0141256415,
"OECD","AVWAGE","TOT","USD","A","2001",42622.0959996281,
"OECD","AVWAGE","TOT","USD","A","2002",42794.8046968461,
"OECD","AVWAGE","TOT","USD","A","2003",43204.3169882214,
"OECD","AVWAGE","TOT","USD","A","2004",43826.1202825636,
"OECD","AVWAGE","TOT","USD","A","2005",44188.1635994784,
"OECD","AVWAGE","TOT","USD","A","2006",44629.3336595677,
"OECD","AVWAGE","TOT","USD","A","2007",45219.550976615,
"OECD","AVWAGE","TOT","USD","A","2008",45110.5816396555,
"OECD","AVWAGE","TOT","USD","A","2009",45380.2861860674,
"OECD","AVWAGE","TOT","USD","A","2010",45527.7476439353,
"OECD","AVWAGE","TOT","USD","A","2011",45694.9673935704,
"OECD","AVWAGE","TOT","USD","A","2012",45698.3280600114,
"OECD","AVWAGE","TOT","USD","A","2013",45834.5426929152,
"OECD","AVWAGE","TOT","USD","A","2014",46205.4276272721,
"OECD","AVWAGE","TOT","USD","A","2015",46988.6792607779,
"OECD","AVWAGE","TOT","USD","A","2016",47290.0441855652,
"OECD","AVWAGE","TOT","USD","A","2017",47666.4333716334,
"OECD","AVWAGE","TOT","USD","A","2018",48218.9917840843,
"OECD","AVWAGE","TOT","USD","A","2019",48935.4787071949,
"OECD","AVWAGE","TOT","USD","A","2020",49165.3624509906,
"ISL","AVWAGE","TOT","USD","A","1990",40695.1696855967,
"ISL","AVWAGE","TOT","USD","A","1991",43995.9303017659,
"ISL","AVWAGE","TOT","USD","A","1992",42470.6297430284,
"ISL","AVWAGE","TOT","USD","A","1993",40225.7949525325,
"ISL","AVWAGE","TOT","USD","A","1994",41035.48473325,
"ISL","AVWAGE","TOT","USD","A","1995",42023.8585469504,
"ISL","AVWAGE","TOT","USD","A","1996",43355.826497965,
"ISL","AVWAGE","TOT","USD","A","1997",45194.7254758201,
"ISL","AVWAGE","TOT","USD","A","1998",49877.2209216982,
"ISL","AVWAGE","TOT","USD","A","1999",52210.1644555739,
"ISL","AVWAGE","TOT","USD","A","2000",53810.3437248817,
"ISL","AVWAGE","TOT","USD","A","2001",53368.731465813,
"ISL","AVWAGE","TOT","USD","A","2002",54902.6276430351,
"ISL","AVWAGE","TOT","USD","A","2003",53534.4376803548,
"ISL","AVWAGE","TOT","USD","A","2004",56828.0159623286,
"ISL","AVWAGE","TOT","USD","A","2005",61187.4395544976,
"ISL","AVWAGE","TOT","USD","A","2006",64423.8171909718,
"ISL","AVWAGE","TOT","USD","A","2007",66350.4674888443,
"ISL","AVWAGE","TOT","USD","A","2008",58829.1570594322,
"ISL","AVWAGE","TOT","USD","A","2009",49776.7731139144,
"ISL","AVWAGE","TOT","USD","A","2010",51234.3670935655,
"ISL","AVWAGE","TOT","USD","A","2011",53452.4025297103,
"ISL","AVWAGE","TOT","USD","A","2012",53136.7974672545,
"ISL","AVWAGE","TOT","USD","A","2013",53965.5749004533,
"ISL","AVWAGE","TOT","USD","A","2014",54735.9069150361,
"ISL","AVWAGE","TOT","USD","A","2015",58376.5435915252,
"ISL","AVWAGE","TOT","USD","A","2016",62949.0161045306,
"ISL","AVWAGE","TOT","USD","A","2017",69050.6369122972,
"ISL","AVWAGE","TOT","USD","A","2018",72465.7719215692,
"ISL","AVWAGE","TOT","USD","A","2019",70391.1575943075,
"ISL","AVWAGE","TOT","USD","A","2020",67488.0131063208,
"NZL","AVWAGE","TOT","USD","A","1990",31058.3035759258,
"NZL","AVWAGE","TOT","USD","A","1991",29809.3855184474,
"NZL","AVWAGE","TOT","USD","A","1992",31108.4516231089,
"NZL","AVWAGE","TOT","USD","A","1993",31942.9911038416,
"NZL","AVWAGE","TOT","USD","A","1994",32538.7246272689,
"NZL","AVWAGE","TOT","USD","A","1995",32364.4364625811,
"NZL","AVWAGE","TOT","USD","A","1996",32920.4377490579,
"NZL","AVWAGE","TOT","USD","A","1997",33814.0529275748,
"NZL","AVWAGE","TOT","USD","A","1998",33300.910718867,
"NZL","AVWAGE","TOT","USD","A","1999",32835.3136317548,
"NZL","AVWAGE","TOT","USD","A","2000",32991.7467899159,
"NZL","AVWAGE","TOT","USD","A","2001",33600.690198892,
"NZL","AVWAGE","TOT","USD","A","2002",34237.0641186125,
"NZL","AVWAGE","TOT","USD","A","2003",35489.484923018,
"NZL","AVWAGE","TOT","USD","A","2004",36745.5013161667,
"NZL","AVWAGE","TOT","USD","A","2005",37372.1056156361,
"NZL","AVWAGE","TOT","USD","A","2006",37613.0692380817,
"NZL","AVWAGE","TOT","USD","A","2007",39827.4030440604,
"NZL","AVWAGE","TOT","USD","A","2008",39384.2784512583,
"NZL","AVWAGE","TOT","USD","A","2009",39868.87239295,
"NZL","AVWAGE","TOT","USD","A","2010",40278.9683994547,
"NZL","AVWAGE","TOT","USD","A","2011",40281.0085920608,
"NZL","AVWAGE","TOT","USD","A","2012",41147.4681845747,
"NZL","AVWAGE","TOT","USD","A","2013",40637.0606274242,
"NZL","AVWAGE","TOT","USD","A","2014",40794.3114479175,
"NZL","AVWAGE","TOT","USD","A","2015",41503.1440252086,
"NZL","AVWAGE","TOT","USD","A","2016",42862.1216538562,
"NZL","AVWAGE","TOT","USD","A","2017",43147.5639574373,
"NZL","AVWAGE","TOT","USD","A","2018",44120.764648889,
"NZL","AVWAGE","TOT","USD","A","2019",45092.03472025,
"NZL","AVWAGE","TOT","USD","A","2020",45269.4828055042,
"CHL","AVWAGE","TOT","USD","A","1996",15947.6531726066,
"CHL","AVWAGE","TOT","USD","A","1997",17039.4942318056,
"CHL","AVWAGE","TOT","USD","A","1998",17813.6103766332,
"CHL","AVWAGE","TOT","USD","A","1999",18716.7646532695,
"CHL","AVWAGE","TOT","USD","A","2000",18685.7459505003,
"CHL","AVWAGE","TOT","USD","A","2001",19197.7264587794,
"CHL","AVWAGE","TOT","USD","A","2002",19364.7831714766,
"CHL","AVWAGE","TOT","USD","A","2003",19783.6389927631,
"CHL","AVWAGE","TOT","USD","A","2004",19247.3268867157,
"CHL","AVWAGE","TOT","USD","A","2005",19034.1502799438,
"CHL","AVWAGE","TOT","USD","A","2006",19548.2212029304,
"CHL","AVWAGE","TOT","USD","A","2007",20097.9317417693,
"CHL","AVWAGE","TOT","USD","A","2008",20665.4590878797,
"CHL","AVWAGE","TOT","USD","A","2009",22231.249455486,
"CHL","AVWAGE","TOT","USD","A","2010",25245.5510961762,
"CHL","AVWAGE","TOT","USD","A","2011",25384.2451378458,
"CHL","AVWAGE","TOT","USD","A","2012",26201.0089427572,
"CHL","AVWAGE","TOT","USD","A","2013",26875.9157099107,
"CHL","AVWAGE","TOT","USD","A","2014",27099.1536590867,
"CHL","AVWAGE","TOT","USD","A","2015",27082.0182648372,
"CHL","AVWAGE","TOT","USD","A","2016",28252.1064199064,
"CHL","AVWAGE","TOT","USD","A","2017",27605.3111054751,
"CHL","AVWAGE","TOT","USD","A","2018",28573.7539263401,
"CHL","AVWAGE","TOT","USD","A","2019",29578.9720728487,
"CHL","AVWAGE","TOT","USD","A","2020",26728.9187554196,
"LVA","AVWAGE","TOT","USD","A","1996",9940.65200015167,
"LVA","AVWAGE","TOT","USD","A","1997",10400.7675648016,
"LVA","AVWAGE","TOT","USD","A","1998",10721.259393476,
"LVA","AVWAGE","TOT","USD","A","1999",11168.5931491416,
"LVA","AVWAGE","TOT","USD","A","2000",11759.1239217377,
"LVA","AVWAGE","TOT","USD","A","2001",12157.1794887416,
"LVA","AVWAGE","TOT","USD","A","2002",11766.0186271829,
"LVA","AVWAGE","TOT","USD","A","2003",12636.0220549352,
"LVA","AVWAGE","TOT","USD","A","2004",13677.70226828,
"LVA","AVWAGE","TOT","USD","A","2005",15913.1906767399,
"LVA","AVWAGE","TOT","USD","A","2006",17548.7899981849,
"LVA","AVWAGE","TOT","USD","A","2007",21649.1386886051,
"LVA","AVWAGE","TOT","USD","A","2008",22341.1366451901,
"LVA","AVWAGE","TOT","USD","A","2009",20159.1131642526,
"LVA","AVWAGE","TOT","USD","A","2010",19384.645386867,
"LVA","AVWAGE","TOT","USD","A","2011",18697.68003208,
"LVA","AVWAGE","TOT","USD","A","2012",19472.2205560886,
"LVA","AVWAGE","TOT","USD","A","2013",20444.0754138898,
"LVA","AVWAGE","TOT","USD","A","2014",21899.3039520145,
"LVA","AVWAGE","TOT","USD","A","2015",23741.7527119903,
"LVA","AVWAGE","TOT","USD","A","2016",25153.5621291168,
"LVA","AVWAGE","TOT","USD","A","2017",26127.7969021104,
"LVA","AVWAGE","TOT","USD","A","2018",27106.5668664325,
"LVA","AVWAGE","TOT","USD","A","2019",28644.528894967,
"LVA","AVWAGE","TOT","USD","A","2020",29876.4197225361,
"LTU","AVWAGE","TOT","USD","A","1995",8454.23643939247,
"LTU","AVWAGE","TOT","USD","A","1996",9419.15598639491,
"LTU","AVWAGE","TOT","USD","A","1997",10415.0718830029,
"LTU","AVWAGE","TOT","USD","A","1998",11376.4483509147,
"LTU","AVWAGE","TOT","USD","A","1999",11880.2127252716,
"LTU","AVWAGE","TOT","USD","A","2000",11926.5214120342,
"LTU","AVWAGE","TOT","USD","A","2001",12597.474261764,
"LTU","AVWAGE","TOT","USD","A","2002",13450.991490379,
"LTU","AVWAGE","TOT","USD","A","2003",14904.3111801197,
"LTU","AVWAGE","TOT","USD","A","2004",16524.1540435889,
"LTU","AVWAGE","TOT","USD","A","2005",18260.9107087177,
"LTU","AVWAGE","TOT","USD","A","2006",20913.9705666423,
"LTU","AVWAGE","TOT","USD","A","2007",22279.3052379733,
"LTU","AVWAGE","TOT","USD","A","2008",22599.6466934655,
"LTU","AVWAGE","TOT","USD","A","2009",19692.5264643864,
"LTU","AVWAGE","TOT","USD","A","2010",19741.5301631059,
"LTU","AVWAGE","TOT","USD","A","2011",20176.8387629195,
"LTU","AVWAGE","TOT","USD","A","2012",20517.4685193106,
"LTU","AVWAGE","TOT","USD","A","2013",21321.4614306002,
"LTU","AVWAGE","TOT","USD","A","2014",22267.7306779893,
"LTU","AVWAGE","TOT","USD","A","2015",23714.9011300426,
"LTU","AVWAGE","TOT","USD","A","2016",24981.5571757992,
"LTU","AVWAGE","TOT","USD","A","2017",26382.371107254,
"LTU","AVWAGE","TOT","USD","A","2018",27572.3834502782,
"LTU","AVWAGE","TOT","USD","A","2019",29695.4026117346,
"LTU","AVWAGE","TOT","USD","A","2020",31810.9800849974,
